Merchant,Affilaite Links,Note
go/nordvpn,https://go.nordvpn.net/aff_c?offer_id=153&aff_id=97,
go/surfshark,https://get.surfshark.net/aff_c?offer_id=6&aff_id=2115,
go/expressvpn,http://www.xvgolink.com/?a_aid=bestvpnserver,
go/purevpn,https://billing.purevpn.com/aff.php?aff=590,
go/IPVanish,https://www.ipvanish.com/?a_aid=ppr&a_bid=48f95966,
go/ProtonVPN,https://proton.go2cloud.org/aff_c?offer_id=10&aff_id=1402,
go/privateinternetaccess, https://privateinternetaccess.com/offer/bestvpnserve_4m76wmkcp,
go/torguard,http://torguard.net/aff.php?aff=176,
go/privadovpn,https://https://privadovpn.com/#a_aid=proxy.com/#a_aid=proxy,
go/starvpn,https://www.starvpn.com/dashboard/aff.php?aff=35,
go/hotspotshield,http://hsselite.7eer.net/c/385670/476997/1691,
go/hidemyass,https://click.hmavpn.com/aff_c?offer_id=1&aff_id=1546,
go/ivacy,https://billing.ivacy.com/page/22367,
go/hide.me,https://hide.me/?friend=591baf2475709,
go/safervpn,https://www.safervpn.com/pricing?coupon=1yearspecial&direct=1&a_aid=309,
go/privatevpn,https://affiliate.privatevpn.com/scripts/click.php?a_aid=5937be5fa6f88,
go/trust.zone,https://trustaffs.com/r.php?RID=B-KibCo-MDAxNDk4ODI0ODM2,
go/vpnarea,http://vpnarea.com/front?a_aid=president,
go/cyberghostvpn,http://cyberghost.go2cloud.org/aff_c?offer_id=10&aff_id=1352,
go/airvpn,https://airvpn.org/?referred_by=351991,
go/windscribe,https://windscribe.com/?affid=2hfjiya6,
go/overplay,http://overplay.net/?a_aid=ppr&a_bid=3ea62643,
go/netflixvpn,https://www.netflixvpn.com/ref/213,
go/vyprvpn,http://www.goldenfrog.com/vyprvpn/buy-vpn?offer_id=32&aff_id=1104,
go/tunnelbear,http://click.tunnelbear.com/aff_c?offer_id=2&aff_id=1164,
go/strongvpn,https://strongvpn.com/?tr_aid=5d26a74e5358a,
go/vpn4all,http://www.vpn4all.com/userportal/aff.php?aff=102,
go/hola,https://hola.org/?a_aid=5f8e8d3f4ba0f,
,,
,,
ProtonMail free,http://proton.go2cloud.org/aff_c?offer_id=15&aff_id=1402,
go/ProtonMail,https://proton.go2cloud.org/aff_c?offer_id=7&aff_id=1402,